actor_loss,algorithm,critic_loss,entropy,entropy_coef,episode,episode_collision_rate,episode_collisions,episode_return,episode_reward_collision,episode_reward_dist,episode_reward_energy,episode_reward_env,episode_reward_intent,episode_reward_safety,episode_reward_task,episode_task_completion,eta,eval_collision_rate,eval_episode_collisions,eval_episode_return,eval_task_completion,potential_loss,probe_collision_rate,probe_episode_collisions,probe_episode_return,probe_task_completion,return_mean
-0.05994488671422005,imappo,0.028009410947561264,-2.743739604949951,0.001,0.0,,,,,,,,,,,,0.5,,,,,0.02831260673701763,,,,,-0.03713854029774666
,imappo,,,,0.0,0.0,0.0,-1.1141562219709158,0.0,0.0003099184931443233,-0.19662124564092665,-1.1245380025357008,0.010381781030446291,-1.180727044120431,0.25250035907720303,0.663720874240001,,,,,,,,,,,
-0.18128761649131775,imappo,0.08507438004016876,1.2617827653884888,0.0009939597315436243,1.0,,,,,,,,,,,,0.49731543624161073,,,,,0.11185199022293091,,,,,-0.055590491741895676
,imappo,,,,1.0,0.13333333333333333,4.0,-1.667714811861515,-0.3499999940395355,-0.0021955345878268417,-0.24886822914413642,-1.687606493011117,0.01989168339059688,-1.3432912565767765,0.2567485316776583,0.706256237377723,,,,,,,,,,,
0.10581650584936142,imappo,0.12285330146551132,-2.7446517944335938,0.0009879194630872483,2.0,,,,,,,,,,,,0.49463087248322146,,,,,0.013381846249103546,,,,,-0.06551245599985123
,imappo,,,,2.0,0.0,0.0,-1.9653737843036652,0.0,-0.011779210954045993,-0.1961980087144184,-1.9673813804984093,0.0020075521897524595,-2.0492213424295187,0.2898171839051429,0.5313982427120209,,,,,,,,,,,
0.2539631128311157,imappo,0.05085623264312744,0.2648438811302185,0.0009818791946308726,3.0,,,,,,,,,,,,0.4919463087248322,,,,,0.10423345863819122,,,,,-0.04528346285223961
,imappo,,,,3.0,0.0,0.0,-1.3585038594901562,0.0,-0.005065360630922555,-0.24020954532534233,-1.3706384170800447,0.012134553180658258,-1.3170526614412665,0.19168916216040088,0.7714406495292981,,,,,,,,,,,
-0.178180530667305,imappo,0.06442676484584808,1.2561070919036865,0.0009758389261744966,4.0,,,,,,,,,,,,0.4892617449664429,,,,,0.11332277953624725,,,,,-0.05339900404214859
,imappo,,,,4.0,0.0,0.0,-1.6019699983298779,0.0,-0.023091842012540553,-0.24945298185775755,-1.6220190078020096,0.020049032347742468,-1.6003049928694963,0.2508307740890814,0.5371780251463254,,,,,,,,,,,
0.1905122995376587,imappo,4.312526226043701,1.2557194232940674,0.0009697986577181209,5.0,,,,,,,,,,,,0.4865771812080537,,,,,0.11344663798809052,,,,,-0.28543922305107117
,imappo,,,,5.0,0.6333333333333333,19.0,-8.56317725777626,-2.6249999552965164,0.003982655055096984,-0.2455289711651858,-8.5774567425251,0.01427940558642149,-5.995998174883425,0.2850878150970857,0.48699081962307295,,,,,,,,,,,
-0.060934919863939285,imappo,0.8597453236579895,-2.7555994987487793,0.000963758389261745,6.0,,,,,,,,,,,,0.48389261744966444,,,,,0.016830075532197952,,,,,-0.16172876954078674
,imappo,,,,6.0,0.9666666666666667,29.0,-4.851863145828247,-2.5374999567866325,0.0035218907360601293,-0.1889047229924472,-4.8640983030200005,0.012235153393703513,-2.429829167202115,0.28861361293820664,0.5435715804497401,,,,,,,,,,,
-0.3752622902393341,imappo,0.0009344957070425153,-2.7622036933898926,0.0009577181208053692,7.0,,,,,,,,,,,,0.4812080536912752,,,,,0.014434809796512127,,,,,-0.02970924973487854
,imappo,,,,7.0,0.0,0.0,-0.8912775418721139,0.0,-0.006326886056058356,-0.20452557891258039,-0.8951042219996452,0.003826665699307341,-0.9351827930659056,0.2509310429322795,0.5895093848307927,,,,,,,,,,,
-0.1197880282998085,imappo,1.92743718624115,0.27133840322494507,0.0009516778523489933,8.0,,,,,,,,,,,,0.4785234899328859,,,,,0.1250670701265335,,,,,-0.2119893878698349
,imappo,,,,8.0,0.9666666666666667,29.0,-6.359681628644466,-4.0249999314546585,-0.012404074425376166,-0.2335445248936594,-6.39080423116684,0.031122625892749056,-2.322525540366769,0.2026697877299739,0.6990573334197203,,,,,,,,,,,
-0.12093956768512726,imappo,0.005370030645281076,0.28004804253578186,0.0009456375838926175,9.0,,,,,,,,,,,,0.47583892617449663,,,,,0.009942632168531418,,,,,-0.036700550466775894
,imappo,,,,9.0,0.0,0.0,-1.1010165344923735,0.0,0.015148978265528967,-0.24525655549950898,-1.098361136391759,-0.00265539632528089,-1.1196302473545074,0.25137669225523496,0.5504671081900596,,,,,,,,,,,
-0.2465997189283371,imappo,0.18394334614276886,1.2747735977172852,0.0009395973154362416,10.0,,,,,,,,,,,,0.47315436241610737,,,,,0.026965312659740448,,,,,-0.09888490289449692
,imappo,,,,10.0,0.4666666666666667,14.0,-2.9665467869490385,-1.2249999791383743,0.021303057905697642,-0.26045521735795774,-2.9688137527555227,0.0022669989921269007,-1.7409542296081781,0.23629261055248207,0.6874429290493329,,,,,,,,,,,
0.1166052371263504,imappo,4.345861434936523,1.2713247537612915,0.0009335570469798658,11.0,,,,,,,,,,,,0.4704697986577181,,,,,0.15656986832618713,,,,,-0.3329084515571594
,imappo,,,,11.0,1.0,30.0,-9.987253159284592,-4.28749992698431,0.005752600143296149,-0.25254429965571035,-10.024920850992203,0.03766756728873588,-5.759721263311803,0.2690921212788453,0.5532893088956674,,,,,,,,,,,
0.06863273680210114,imappo,1.017988920211792,-2.778547763824463,0.00092751677852349,12.0,,,,,,,,,,,,0.4677852348993289,,,,,0.10409906506538391,,,,,-0.17855125665664673
,imappo,,,,12.0,0.8666666666666667,26.0,-5.356537885963917,-2.274999961256981,0.019103464040625795,-0.1961778431359562,-5.3988047912716866,0.04226701395236887,-3.222080461680889,0.2753499735135847,0.47128234927852947,,,,,,,,,,,
-0.05130603536963463,imappo,2.2688775062561035,0.27502986788749695,0.0009214765100671142,13.0,,,,,,,,,,,,0.4651006711409396,,,,,0.003691060934215784,,,,,-0.2473430037498474
,imappo,,,,13.0,0.9,27.0,-7.420290231704712,-4.637499921023846,0.02169296695940659,-0.2436502978671342,-7.413508020341396,-0.006782179247238673,-2.7734610866755247,0.21941041896525348,0.6440868156651656,,,,,,,,,,,
0.3057032823562622,imappo,0.06341979652643204,-2.767148733139038,0.0009154362416107383,14.0,,,,,,,,,,,,0.46241610738255035,,,,,0.04026234149932861,,,,,-0.08002755790948868
,imappo,,,,14.0,0.43333333333333335,13.0,-2.4008265286684036,-1.1374999806284904,0.023316597788920035,-0.18384815790705034,-2.432802675291896,0.031976098427549005,-1.3947168020531535,0.25994572427589446,0.6392898619174957,,,,,,,,,,,
-0.21359993517398834,imappo,0.023405032232403755,1.2722536325454712,0.0009093959731543624,15.0,,,,,,,,,,,,0.4597315436241611,,,,,0.3095257580280304,,,,,-0.0659293532371521
,imappo,,,,15.0,0.3,9.0,-1.977880576159805,-0.7874999865889549,-0.008681089407133413,-0.2575371626880951,-2.0219198875129223,0.044039302520104684,-1.2490607611835003,0.2808591067073394,0.7025689790646236,,,,,,,,,,,
0.21407394111156464,imappo,0.0025942933280020952,-2.7661244869232178,0.0009033557046979866,16.0,,,,,,,,,,,,0.4570469798657718,,,,,0.09393573552370071,,,,,-0.02184048667550087
,imappo,,,,16.0,0.0,0.0,-0.6552146323083434,0.0,0.008362960791430396,-0.20114895023289137,-0.6549619697616436,-0.0002526722673792392,-0.7349599730223417,0.27278400257500834,0.6321896202862263,,,,,,,,,,,
0.13681329786777496,imappo,3.6014249324798584,0.2864357829093933,0.0008973154362416107,17.0,,,,,,,,,,,,0.45436241610738254,,,,,0.004930684342980385,,,,,-0.29372528195381165
,imappo,,,,17.0,1.0,30.0,-8.81175796687603,-3.718749936670065,0.015289523687386009,-0.24361474375473335,-8.820157527923584,0.008399686659686267,-5.125976229086518,0.2528938035483179,0.599857913951079,,,,,,,,,,,
0.08026018738746643,imappo,1.1896380186080933,0.2812660038471222,0.0008912751677852349,18.0,,,,,,,,,,,,0.45167785234899327,,,,,0.04196430742740631,,,,,-0.18700586259365082
,imappo,,,,18.0,0.43333333333333335,13.0,-5.610176131129265,-1.1374999806284904,0.02309491852398793,-0.24314739585315692,-5.625441610813141,0.015265464675394469,-4.446847145445645,0.1789580830268278,0.6585176174839338,,,,,,,,,,,
0.3790391683578491,imappo,0.5825459361076355,0.26566702127456665,0.000885234899328859,19.0,,,,,,,,,,,,0.448993288590604,,,,,0.015172898769378662,,,,,-0.16384167969226837
,imappo,,,,19.0,0.9666666666666667,29.0,-4.915250308811665,-2.5374999567866325,-0.010294630004466399,-0.23531130783521803,-4.934776090085506,0.019525840296410024,-2.382826046086848,0.23115587576069174,0.6606520769496759,,,,,,,,,,,
-0.38156425952911377,imappo,0.02959916926920414,-2.76706862449646,0.0008791946308724832,20.0,,,,,,,,,,,,0.44630872483221473,,,,,0.26778024435043335,,,,,-0.08005926758050919
,imappo,,,,20.0,0.3,9.0,-2.401777934283018,-0.7874999865889549,0.016453643445174748,-0.2001445615769626,-2.4401361867785454,0.038358223013347015,-1.7306782314553857,0.2617329616950883,0.6344699469705423,,,,,,,,,,,
0.2962968051433563,imappo,0.022386984899640083,0.2575380504131317,0.0008731543624161074,21.0,,,,,,,,,,,,0.4436241610738255,,,,,0.03257212042808533,,,,,-0.09664716571569443
,imappo,,,,21.0,0.36666666666666664,11.0,-2.8994148187339306,-0.9624999836087227,0.029273719685079413,-0.25223994068801403,-2.938000410795212,0.03858557820785791,-2.0107727963477373,0.2582385705654815,0.5895768254995346,,,,,,,,,,,
-0.17585758864879608,imappo,0.15028803050518036,-2.756510019302368,0.0008671140939597316,22.0,,,,,,,,,,,,0.44093959731543625,,,,,0.14124247431755066,,,,,-0.11544028669595718
,imappo,,,,22.0,0.8,24.0,-3.463208731263876,-2.099999964237213,0.012715105304039298,-0.20153411541105015,-3.504829650744796,0.04162093542981893,-1.4772480046376586,0.2612373076044605,0.6518173418939114,,,,,,,,,,,
0.14420585334300995,imappo,0.595880925655365,1.255480170249939,0.0008610738255033557,23.0,,,,,,,,,,,,0.438255033557047,,,,,0.162725031375885,,,,,-0.1946064531803131
,imappo,,,,23.0,0.5,15.0,-5.838193662464619,-1.7499999701976776,0.018316807837571503,-0.2516492021168233,-5.878437116742134,0.04024352924898267,-4.163402344100177,0.2682975430553256,0.620661822706461,,,,,,,,,,,
0.16428013145923615,imappo,0.011550047434866428,-2.745698928833008,0.0008550335570469799,24.0,,,,,,,,,,,,0.4355704697986577,,,,,0.22193467617034912,,,,,-0.030957825481891632
,imappo,,,,24.0,0.0,0.0,-0.9287347290664911,0.0,0.005058163609191979,-0.19369631019799272,-0.9642056729644537,0.03547094250097871,-1.0583570702001452,0.28278955403220607,0.6752149403095246,,,,,,,,,,,
0.3213144540786743,imappo,0.46530911326408386,1.3012025356292725,0.000848993288590604,25.0,,,,,,,,,,,,0.43288590604026844,,,,,0.1374192088842392,,,,,-0.16827471554279327
,imappo,,,,25.0,0.3333333333333333,10.0,-5.048241563141346,-0.8749999850988388,0.0444193891728446,-0.2586352952348534,-5.069577097892761,0.021335583529435098,-4.280829401686788,0.30046814624074614,0.44877088367938994,,,,,,,,,,,
-0.13064363598823547,imappo,0.1772744506597519,0.2702058255672455,0.0008429530201342282,26.0,,,,,,,,,,,,0.4302013422818792,,,,,0.11867671459913254,,,,,-0.13190080225467682
,imappo,,,,26.0,0.4,12.0,-3.9570243135094643,-1.0499999821186066,0.003017991238380091,-0.22605260266573168,-3.963994190096855,0.006969929323531687,-2.900078695267439,0.20911903417254507,0.596710321555535,,,,,,,,,,,
-0.16791385412216187,imappo,0.10205640643835068,-2.735623598098755,0.0008369127516778523,27.0,,,,,,,,,,,,0.4275167785234899,,,,,0.11540821939706802,,,,,-0.016833387315273285
,imappo,,,,27.0,0.0,0.0,-0.5050016352906823,0.0,0.004680603294076491,-0.19780152958264807,-0.5052195284515619,0.0002179026614612667,-0.5740764886140823,0.261977882913925,0.6148074582219124,,,,,,,,,,,
-0.1845952868461609,imappo,0.5686909556388855,-2.7522330284118652,0.0008308724832214766,28.0,,,,,,,,,,,,0.4248322147651007,,,,,0.0038157603703439236,,,,,-0.15309391915798187
,imappo,,,,28.0,0.9,27.0,-4.592817604541779,-2.3624999597668648,-0.009086292694291842,-0.20705774620728334,-4.602863781154156,0.010046225681435317,-2.322369387373328,0.29814962788623234,0.5945476830005646,,,,,,,,,,,
0.012068008072674274,imappo,1.2209612131118774,1.2139461040496826,0.0008248322147651007,29.0,,,,,,,,,,,,0.4221476510067114,,,,,0.16380786895751953,,,,,-0.21435092389583588
,imappo,,,,29.0,0.9333333333333333,28.0,-6.430527441203594,-3.1499999463558197,-0.015740791049253744,-0.2552274629706517,-6.4392369389534,0.008709547051694244,-3.323765560053289,0.30549674441363095,0.5550869690875212,,,,,,,,,,,
,imappo,,,,29.0,,,,,,,,,,,,,0.42666666666666664,12.8,-4.719821985810995,0.5248924370855093,,,,,,
,imappo,,,,29.0,,,,,,,,,,,,,,,,,,0.8200000000000001,24.6,-7.547275532782078,0.5247107058515151,
-0.2956794202327728,imappo,0.09690875560045242,0.1798856258392334,0.0008187919463087249,30.0,,,,,,,,,,,,0.41946308724832215,,,,,0.012668673880398273,,,,,-0.12613114714622498
,imappo,,,,30.0,0.9,27.0,-3.7839347794651985,-2.3624999597668648,0.0025073361554497353,-0.2331032697475166,-3.793686658143997,0.009751851364853792,-1.4598246421664953,0.2592339383495528,0.5842556518812975,,,,,,,,,,,
0.14357376098632812,imappo,0.03964465856552124,0.1576550006866455,0.000812751677852349,31.0,,,,,,,,,,,,0.4167785234899329,,,,,0.09971116483211517,,,,,-0.0890960544347763
,imappo,,,,31.0,0.0,0.0,-2.672881633043289,0.0,0.005669498250938432,-0.24460650440050813,-2.710189998149872,0.037308365979697555,-2.7246363405138254,0.25338336928700755,0.6919352819522222,,,,,,,,,,,
-0.21308575570583344,imappo,0.0007854379364289343,-2.8241477012634277,0.0008067114093959732,32.0,,,,,,,,,,,,0.4140939597315436,,,,,0.06475512683391571,,,,,-0.07108691334724426
,imappo,,,,32.0,0.23333333333333334,7.0,-2.1326074451208115,-0.6124999895691872,-0.0030697963401280504,-0.19374606849305565,-2.148708712309599,0.016101316330605187,-1.5975337903946638,0.25814091942083905,0.6637715083857377,,,,,,,,,,,
-0.18255513906478882,imappo,0.0019421300385147333,-2.8253276348114014,0.0008006711409395973,33.0,,,,,,,,,,,,0.41140939597315435,,,,,0.1452447772026062,,,,,-0.06570062786340714
,imappo,,,,33.0,0.0,0.0,-1.9710189178586006,0.0,0.014197524744275825,-0.18640722909913165,-1.9674719646573067,-0.003546961204847321,-2.0399855505675077,0.2447232942249684,0.6393318484226863,,,,,,,,,,,
-0.26390916109085083,imappo,1.615822672843933,-2.789700984954834,0.0007946308724832215,34.0,,,,,,,,,,,,0.4087248322147651,,,,,0.04173669219017029,,,,,-0.22840625047683716
,imappo,,,,34.0,0.6666666666666666,20.0,-6.852187350392342,-3.1062499471008778,0.016097660548211934,-0.19503082888695644,-6.881327398121357,0.029139933656551875,-3.8544974019750953,0.25835323487217465,0.6380121640861034,,,,,,,,,,,
-0.07143376767635345,imappo,2.546389102935791,-2.800929307937622,0.0007885906040268457,35.0,,,,,,,,,,,,0.40604026845637586,,,,,0.006498197093605995,,,,,-0.3011021018028259
,imappo,,,,35.0,0.9333333333333333,28.0,-9.03306245803833,-4.418749924749136,0.0031868435443129783,-0.20016079800552689,-9.033420972526073,0.0003583300858736038,-4.702790514566004,0.2850935620799646,0.5066639706492424,,,,,,,,,,,
-0.028752747923135757,imappo,0.09169767796993256,1.1896599531173706,0.0007825503355704698,36.0,,,,,,,,,,,,0.40335570469798654,,,,,0.07689546048641205,,,,,-0.07010506093502045
,imappo,,,,36.0,0.13333333333333333,4.0,-2.1031519137322903,-0.3499999940395355,0.009298415834564366,-0.24804465392662678,-2.122531095519662,0.019379178891540505,-1.7771955374628305,0.24341070161005973,0.6135937695701917,,,,,,,,,,,
0.030546708032488823,imappo,0.7442479133605957,-2.8217265605926514,0.000776510067114094,37.0,,,,,,,,,,,,0.4006711409395973,,,,,0.0054555959068238735,,,,,-0.1619797646999359
,imappo,,,,37.0,0.7,21.0,-4.859393145889044,-2.187499962747097,-0.003025614268580057,-0.20403481346875196,-4.86258402839303,0.0031909213357721455,-2.7502277847379446,0.28220410934955,0.5151690055926641,,,,,,,,,,,
-0.2019563913345337,imappo,0.10953006893396378,0.17407093942165375,0.0007704697986577182,38.0,,,,,,,,,,,,0.39798657718120806,,,,,0.04153604060411453,,,,,-0.0729723870754242
,imappo,,,,38.0,0.3,9.0,-2.1891714110970497,-0.7874999865889549,-0.006982164033729532,-0.24238999672525097,-2.170855754055083,-0.01831565919565037,-1.373880522325635,0.23989686435288604,0.4819910647968451,,,,,,,,,,,
-0.0051299999468028545,imappo,2.6055963039398193,0.21015837788581848,0.0007644295302013423,39.0,,,,,,,,,,,,0.3953020134228188,,,,,0.22184084355831146,,,,,-0.24902285635471344
,imappo,,,,39.0,0.7666666666666667,23.0,-7.4706854075193405,-4.112499929964542,-0.000828833135642526,-0.23781418988801306,-7.47587988525629,0.005194365687202662,-3.361380827613175,0.23664400658890372,0.6240512487788995,,,,,,,,,,,
0.051470737904310226,imappo,0.27153831720352173,1.188645601272583,0.0007583892617449665,40.0,,,,,,,,,,,,0.3926174496644295,,,,,0.30616140365600586,,,,,-0.12021918594837189
,imappo,,,,40.0,0.3,9.0,-3.606575306504965,-0.7874999865889549,0.008153654767284024,-0.24950640102906618,-3.6591543294489384,0.05257897189585492,-2.9158837869763374,0.2855821812408976,0.5466038751105468,,,,,,,,,,,
0.12552279233932495,imappo,0.4089159369468689,-2.858304738998413,0.0007523489932885906,41.0,,,,,,,,,,,,0.38993288590604025,,,,,0.037452682852745056,,,,,-0.1969507336616516
,imappo,,,,41.0,1.0,30.0,-5.908522665500641,-2.887499950826168,0.01848402230461943,-0.18902406711276853,-5.909041583538055,0.0005189584771869704,-3.0810784501954913,0.23007685835591474,0.6141218478480975,,,,,,,,,,,
0.18309654295444489,imappo,0.09626036137342453,1.182421088218689,0.0007463087248322149,42.0,,,,,,,,,,,,0.38724832214765104,,,,,0.096347376704216,,,,,-0.06096489354968071
,imappo,,,,42.0,0.26666666666666666,8.0,-1.8289466723799706,-0.699999988079071,-0.011265467640782845,-0.2628012763452716,-1.8312529623508453,0.00230628892313689,-1.13647716678679,0.2792909352810966,0.6093842089176178,,,,,,,,,,,
0.07382433861494064,imappo,0.008624416776001453,0.22959767282009125,0.0007402684563758389,43.0,,,,,,,,,,,,0.3845637583892617,,,,,0.005640310235321522,,,,,-0.07505565136671066
,imappo,,,,43.0,0.0,0.0,-2.251669630408287,0.0,-0.00857862886121552,-0.2539900088158902,-2.265329524874687,0.013659917367476737,-2.2637619636952877,0.26100106781996146,0.45182967483997344,,,,,,,,,,,
0.1763267070055008,imappo,0.011055066250264645,-2.855079174041748,0.0007342281879194632,44.0,,,,,,,,,,,,0.3818791946308725,,,,,0.10213026404380798,,,,,-0.05408380180597305
,imappo,,,,44.0,0.0,0.0,-1.6225139535963535,0.0,-0.011194469782140004,-0.185818966539955,-1.656720258295536,0.03420629307220224,-1.732092565856874,0.2723857476412377,0.5530116635064284,,,,,,,,,,,
0.059340909123420715,imappo,0.526475727558136,1.2031329870224,0.0007281879194630872,45.0,,,,,,,,,,,,0.37919463087248323,,,,,0.19992034137248993,,,,,-0.17287184298038483
,imappo,,,,45.0,0.6666666666666666,20.0,-5.186155527830124,-2.4499999582767487,0.012251347710389382,-0.2478911451762542,-5.2059361562132835,0.019780681934207678,-2.7443271167576313,0.22403074806788936,0.6254117893675963,,,,,,,,,,,
0.01609421707689762,imappo,0.030703356489539146,1.1983283758163452,0.0007221476510067115,46.0,,,,,,,,,,,,0.37651006711409396,,,,,0.09998764097690582,,,,,-0.045935072004795074
,imappo,,,,46.0,0.0,0.0,-1.378052094951272,0.0,-0.01563199714860275,-0.24281480572972214,-1.38716147467494,0.00910936138825491,-1.3664451092481613,0.23773045357199862,0.5075049919386705,,,,,,,,,,,
0.1068488210439682,imappo,2.8793463706970215,0.24041520059108734,0.0007161073825503356,47.0,,,,,,,,,,,,0.3738255033557047,,,,,0.06925076246261597,,,,,-0.30013734102249146
,imappo,,,,47.0,1.0,30.0,-9.00411906838417,-4.374999925494194,0.0017360045486611853,-0.24773365308647044,-9.01760184764862,0.013482999842381105,-4.668342315591872,0.27173787846186315,0.4034627084930738,,,,,,,,,,,
0.07081153988838196,imappo,0.032972417771816254,-2.8681280612945557,0.0007100671140939597,48.0,,,,,,,,,,,,0.3711409395973154,,,,,0.02834121137857437,,,,,-0.0868106558918953
,imappo,,,,48.0,0.26666666666666666,8.0,-2.604319740086794,-0.699999988079071,0.014220675898172885,-0.20906626513169613,-2.608939617872238,0.004619853963959031,-1.9827310536056757,0.2686370394358164,0.6083321804801624,,,,,,,,,,,
0.10763394832611084,imappo,0.1388404816389084,0.1864011287689209,0.0007040268456375839,49.0,,,,,,,,,,,,0.36845637583892615,,,,,0.005664816126227379,,,,,-0.13111864030361176
,imappo,,,,49.0,0.7333333333333333,22.0,-3.93355980142951,-1.9249999672174454,0.008134501150038886,-0.23070341240963899,-3.927612755447626,-0.0059469824336702,-2.017042126506567,0.2369982006284772,0.49122934018572173,,,,,,,,,,,
-0.08208659291267395,imappo,0.00977300014346838,1.2105265855789185,0.000697986577181208,50.0,,,,,,,,,,,,0.3657718120805369,,,,,0.33901703357696533,,,,,-0.06221168488264084
,imappo,,,,50.0,0.03333333333333333,1.0,-1.8663505017757416,-0.08749999850988388,0.004816958038873054,-0.24819040195870912,-1.8953044228255749,0.028953903471119702,-1.8177233142778277,0.2532923271128311,0.58818346063296,,,,,,,,,,,
0.06898227334022522,imappo,0.020281782373785973,-2.88236665725708,0.0006919463087248323,51.0,,,,,,,,,,,,0.36308724832214767,,,,,0.2096291482448578,,,,,-0.04262782633304596
,imappo,,,,51.0,0.13333333333333333,4.0,-1.2788347047753632,-0.3499999940395355,-0.015703812273685003,-0.21631725761835696,-1.3443918451666832,0.06555716652655974,-1.0626580622047186,0.30028729460173054,0.6188941131035487,,,,,,,,,,,
0.044939979910850525,imappo,0.24566833674907684,0.18107323348522186,0.0006859060402684563,52.0,,,,,,,,,,,,0.36040268456375835,,,,,0.07798746228218079,,,,,-0.1037355586886406
,imappo,,,,52.0,0.5,15.0,-3.112066689878702,-1.3124999776482582,-0.01904756848711031,-0.23792135082476307,-3.109142668545246,-0.002923929743701592,-1.7522603496909142,0.21258648628281662,0.6032155821720759,,,,,,,,,,,
-0.09292621910572052,imappo,0.5106327533721924,1.188260793685913,0.0006798657718120806,53.0,,,,,,,,,,,,0.35771812080536913,,,,,0.24154962599277496,,,,,-0.1790241301059723
,imappo,,,,53.0,0.5333333333333333,16.0,-5.370723620057106,-1.8374999687075615,0.011848215393342798,-0.2517276615544688,-5.424568101763725,0.053844551322981715,-3.6451940769329667,0.2980052965867799,0.5128999732434749,,,,,,,,,,,
-0.07910888642072678,imappo,0.01577666774392128,0.16290119290351868,0.0006738255033557047,54.0,,,,,,,,,,,,0.35503355704697986,,,,,0.011801909655332565,,,,,-0.06252218037843704
,imappo,,,,54.0,0.03333333333333333,1.0,-1.8756655268371105,-0.08749999850988388,-0.0147757748687809,-0.2538769764796598,-1.8730544336140156,-0.002611071176943369,-1.7161656031385064,0.19926389972897596,0.6516388535499573,,,,,,,,,,,
0.03479593247175217,imappo,1.4837645292282104,0.1887461394071579,0.0006677852348993289,55.0,,,,,,,,,,,,0.3523489932885906,,,,,0.013080494478344917,,,,,-0.23507264256477356
,imappo,,,,55.0,0.7,21.0,-7.052179653197527,-3.806249935179949,-0.002816502820905953,-0.23494566556473728,-7.043937522917986,-0.008242223484558053,-3.220847634598613,0.22092221956995672,0.6205751866102218,,,,,,,,,,,
0.246052086353302,imappo,1.2117621898651123,0.13031037151813507,0.000661744966442953,56.0,,,,,,,,,,,,0.3496644295302013,,,,,0.014756252989172935,,,,,-0.18863140046596527
,imappo,,,,56.0,0.6666666666666666,20.0,-5.658942703157663,-2.7562499530613422,-0.056758595936969414,-0.2555572903875145,-5.6369409672915936,-0.02200171681761276,-2.7900829426944256,0.221707829774914,0.7270045946041743,,,,,,,,,,,
-0.22797973453998566,imappo,0.041271571069955826,1.1105215549468994,0.0006557046979865772,57.0,,,,,,,,,,,,0.34697986577181206,,,,,0.05986525118350983,,,,,-0.04563744738698006
,imappo,,,,57.0,0.0,0.0,-1.369123499840498,0.0,0.007333764538316245,-0.24943930601875763,-1.3807059340178967,0.011582431965507567,-1.4086501635611057,0.27004977611778713,0.6121168258289497,,,,,,,,,,,
-0.06141699105501175,imappo,0.0443931519985199,0.09623783081769943,0.0006496644295302014,58.0,,,,,,,,,,,,0.34429530201342284,,,,,0.009721718728542328,,,,,-0.03418644890189171
,imappo,,,,58.0,0.0,0.0,-1.0255935303866863,0.0,0.004395085917366259,-0.23403093234810513,-1.023978028446436,-0.0016154714758158661,-1.0167623506858945,0.22242015305528184,0.4990027097364267,,,,,,,,,,,
0.10995803028345108,imappo,0.31756487488746643,-2.898466110229492,0.0006436241610738255,59.0,,,,,,,,,,,,0.3416107382550335,,,,,0.1908932626247406,,,,,-0.12275314331054688
,imappo,,,,59.0,0.6,18.0,-3.6825939267873764,-1.5749999731779099,-0.010009042468226426,-0.19043500657426193,-3.684801209717989,0.0022072373976698145,-2.170715962536633,0.26135877509477723,0.6036275188128154,,,,,,,,,,,
,imappo,,,,59.0,,,,,,,,,,,,,0.4666666666666667,14.0,-4.584565009176731,0.6008734333266814,,,,,,
,imappo,,,,59.0,,,,,,,,,,,,,,,,,,0.63,18.9,-7.179692393168807,0.5974852787454924,
0.17739105224609375,imappo,0.5487977862358093,-2.888359546661377,0.0006375838926174497,60.0,,,,,,,,,,,,0.3389261744966443,,,,,0.11743304878473282,,,,,-0.18140116333961487
,imappo,,,,60.0,0.06666666666666667,2.0,-5.442034870386124,-0.17499999701976776,-0.003176611934321727,-0.1932858828931785,-5.488789722323418,0.04675481439335272,-5.405392245389521,0.28806506683758926,0.5671723201870918,,,,,,,,,,,
0.47876793146133423,imappo,0.034717999398708344,0.10470686852931976,0.0006315436241610738,61.0,,,,,,,,,,,,0.336241610738255,,,,,0.2074633240699768,,,,,-0.08278388530015945
,imappo,,,,61.0,0.2,6.0,-2.4835161976516247,-0.5249999910593033,-0.023431181531464063,-0.23114720861485694,-2.5015577264130116,0.018041493181954138,-1.963690610602498,0.24171127204681397,0.5844629255433877,,,,,,,,,,,
-0.13888387382030487,imappo,0.044303636997938156,0.12934070825576782,0.000625503355704698,62.0,,,,,,,,,,,,0.33355704697986577,,,,,0.11208215355873108,,,,,-0.1039116382598877
,imappo,,,,62.0,0.06666666666666667,2.0,-3.11734901368618,-0.17499999701976776,-0.007730573979529254,-0.225101111427648,-3.1243296712636948,0.006980614591157064,-2.8758702697232366,0.15937230623308096,0.7067613646388053,,,,,,,,,,,
-0.015200643800199032,imappo,2.1027140617370605,0.11653715372085571,0.0006194630872483222,63.0,,,,,,,,,,,,0.3308724832214765,,,,,0.0042259711772203445,,,,,-0.24331527948379517
,imappo,,,,63.0,0.7333333333333333,22.0,-7.299458734691143,-2.887499950826168,-0.012347595304959214,-0.25038226538163144,-7.298170685768127,-0.0012880734866485,-4.368713717907667,0.22077278484164253,0.6670062929391861,,,,,,,,,,,
-0.002263316884636879,imappo,0.31073617935180664,-2.9234566688537598,0.0006134228187919463,64.0,,,,,,,,,,,,0.32818791946308723,,,,,0.18713849782943726,,,,,-0.1653057187795639
,imappo,,,,64.0,0.7,21.0,-4.9591716304421425,-1.8374999687075615,0.010486236894223566,-0.1925997263770114,-4.981724061071873,0.022552469206857495,-3.190710541792214,0.2285998200859467,0.6972799790402253,,,,,,,,,,,
-0.07093484699726105,imappo,0.14379732310771942,0.13828468322753906,0.0006073825503355706,65.0,,,,,,,,,,,,0.325503355704698,,,,,0.026682071387767792,,,,,-0.14145196974277496
,imappo,,,,65.0,0.4,12.0,-4.2435587123036385,-1.0499999821186066,-0.01567237132894661,-0.23651441094989423,-4.247825048863888,0.004266366682713851,-3.1442206110805273,0.19858232344540738,0.5734322597583135,,,,,,,,,,,
-0.22823017835617065,imappo,0.032357025891542435,1.1143653392791748,0.0006013422818791946,66.0,,,,,,,,,,,,0.3228187919463087,,,,,0.22141864895820618,,,,,-0.04826952517032623
,imappo,,,,66.0,0.06666666666666667,2.0,-1.4480859078466892,-0.17499999701976776,-0.01480341360525017,-0.26450545544503257,-1.4554863721132278,0.0074004525085911155,-1.2718163058161736,0.2706387897069362,0.5772599038978418,,,,,,,,,,,
-0.10610140860080719,imappo,0.0979614108800888,1.1422889232635498,0.0005953020134228189,67.0,,,,,,,,,,,,0.3201342281879195,,,,,0.20290210843086243,,,,,-0.10933482646942139
,imappo,,,,67.0,0.4,12.0,-3.2800450548529625,-1.0499999821186066,0.0010955160598768998,-0.24563904264505254,-3.304045431315899,0.024000420089578256,-2.291579653508961,0.2820776874141302,0.636262179662784,,,,,,,,,,,
0.21127429604530334,imappo,0.014196502044796944,0.11812318861484528,0.0005892617449664429,68.0,,,,,,,,,,,,0.31744966442953015,,,,,0.006191224791109562,,,,,-0.08518111705780029
,imappo,,,,68.0,0.4,12.0,-2.555433679372072,-1.0499999821186066,-0.03316925297895068,-0.24609332520412863,-2.5546015314757824,-0.0008321517343574669,-1.4662169525399804,0.24087799898552475,0.5088497469822566,,,,,,,,,,,
-0.02214154601097107,imappo,0.7064139246940613,-2.8754029273986816,0.0005832214765100672,69.0,,,,,,,,,,,,0.31476510067114094,,,,,0.16439290344715118,,,,,-0.21901386976242065
,imappo,,,,69.0,0.9333333333333333,28.0,-6.570416018366814,-2.799999952316284,0.020640453777161838,-0.18809944594249828,-6.576345644891262,0.005929622551775537,-3.8590235076844692,0.25013685914893813,0.6195364718635877,,,,,,,,,,,
0.05614081770181656,imappo,0.10420984774827957,-2.8936140537261963,0.0005771812080536913,70.0,,,,,,,,,,,,0.31208053691275167,,,,,0.15740281343460083,,,,,-0.029433516785502434
,imappo,,,,70.0,0.0,0.0,-0.88300552777946,0.0,-0.018335256161208235,-0.1996454229374649,-0.8804835006594658,-0.0025220336465281434,-0.8950663693249226,0.23256354456680128,0.616835476954778,,,,,,,,,,,
0.24628351628780365,imappo,0.975553035736084,-2.8724122047424316,0.0005711409395973155,71.0,,,,,,,,,,,,0.3093959731543624,,,,,0.05500016361474991,,,,,-0.2357988804578781
,imappo,,,,71.0,0.8666666666666667,26.0,-7.073966979980469,-2.274999961256981,0.00390850007878818,-0.1869448120087327,-7.085794761776924,0.011827871203422546,-4.891106095165014,0.2633476052469632,0.597640078018109,,,,,,,,,,,
0.23754562437534332,imappo,0.43511754274368286,0.13181431591510773,0.0005651006711409396,72.0,,,,,,,,,,,,0.30671140939597313,,,,,0.06752669811248779,,,,,-0.1783224195241928
,imappo,,,,72.0,0.9,27.0,-5.349672459065914,-2.3624999597668648,0.012265929904742734,-0.2292829241414438,-5.358134739100933,0.008462391328066587,-3.002470262348652,0.22385241667325317,0.5607781392832597,,,,,,,,,,,
-0.47386059165000916,imappo,0.20801083743572235,-2.885634183883667,0.0005590604026845638,73.0,,,,,,,,,,,,0.30402684563758386,,,,,0.02558548003435135,,,,,-0.15478011965751648
,imappo,,,,73.0,0.6,18.0,-4.643403384834528,-2.6249999552965164,-0.007367745835079376,-0.197865137939516,-4.649475339800119,0.006071946787415072,-2.0895264353603125,0.27028393292039254,0.5621975548565388,,,,,,,,,,,
0.008782549761235714,imappo,0.39867788553237915,-2.888853073120117,0.000553020134228188,74.0,,,,,,,,,,,,0.30134228187919465,,,,,0.04319966584444046,,,,,-0.1655806601047516
,imappo,,,,74.0,0.2,6.0,-4.96741908788681,-0.7874999865889549,-0.008422405486555817,-0.19440760267025325,-4.949820920825005,-0.01759808952920139,-4.209366295486689,0.24987528963174555,0.645386167615652,,,,,,,,,,,
0.34380459785461426,imappo,0.8875526785850525,0.09313388168811798,0.000546979865771812,75.0,,,,,,,,,,,,0.2986577181208053,,,,,0.042164016515016556,,,,,-0.19195333123207092
,imappo,,,,75.0,0.7,21.0,-5.758599862456322,-2.274999961256981,-0.037737770343142074,-0.240399345941114,-5.7421762347221375,-0.016423461034719367,-3.4188486766070127,0.22980951401677885,0.5901527856787046,,,,,,,,,,,
0.05984931066632271,imappo,0.38808631896972656,0.14506207406520844,0.0005409395973154363,76.0,,,,,,,,,,,,0.2959731543624161,,,,,0.02103155478835106,,,,,-0.1515655517578125
,imappo,,,,76.0,0.7,21.0,-4.546966537833214,-2.143749963492155,-0.011004270600437849,-0.22787039590184577,-4.552235059440136,0.005268586945021525,-2.4065446816384792,0.2369342124220566,0.48698027928670246,,,,,,,,,,,
0.046172697097063065,imappo,6.269683361053467,0.10830844938755035,0.0005348993288590603,77.0,,,,,,,,,,,,0.2932885906040268,,,,,0.030428078025579453,,,,,-0.4358586072921753
,imappo,,,,77.0,1.0,30.0,-13.075758069753647,-5.949999898672104,-0.024796611834517535,-0.23640480326139368,-13.077912628650665,0.002154506742954254,-7.084882923401892,0.2181716857817264,0.610341749091943,,,,,,,,,,,
-0.08891766518354416,imappo,1.1945215463638306,1.1464461088180542,0.0005288590604026846,78.0,,,,,,,,,,,,0.2906040268456376,,,,,0.17091307044029236,,,,,-0.20535311102867126
,imappo,,,,78.0,0.7,21.0,-6.160594016313553,-2.6249999552965164,-0.02789760060596791,-0.25431155951082474,-6.169913709163666,0.009319716831669211,-3.5614098608493805,0.2987053086862943,0.5237687995036443,,,,,,,,,,,
-0.07724552601575851,imappo,0.1975346952676773,1.1285253763198853,0.0005228187919463088,79.0,,,,,,,,,,,,0.2879194630872483,,,,,0.059572167694568634,,,,,-0.15056458115577698
,imappo,,,,79.0,0.6333333333333333,19.0,-4.5169373229146,-1.7499999701976776,-0.0035528952394088265,-0.26322241478192154,-4.534018129110336,0.017080840218113735,-2.7816646629944444,0.2644217688311983,0.7158013793329397,,,,,,,,,,,
0.16541224718093872,imappo,1.1445252895355225,1.0987507104873657,0.0005167785234899329,80.0,,,,,,,,,,,,0.28523489932885904,,,,,0.01187937892973423,,,,,-0.18706049025058746
,imappo,,,,80.0,0.7666666666666667,23.0,-5.611814819276333,-2.4937499575316906,-0.0012180466239897214,-0.241710877395235,-5.617604222148657,0.0057894866113201715,-3.13759442884475,0.25666904819718184,0.7137546673417091,,,,,,,,,,,
-0.16053171455860138,imappo,0.013780035078525543,0.07849689573049545,0.000510738255033557,81.0,,,,,,,,,,,,0.2825503355704698,,,,,0.16174787282943726,,,,,-0.035044681280851364
,imappo,,,,81.0,0.0,0.0,-1.0513404828961939,0.0,-0.008975047257479218,-0.24089486279262928,-1.0261293798685074,-0.02521109195186,-1.0337284356355667,0.2574689556277008,0.49596730967362723,,,,,,,,,,,
-0.2190856635570526,imappo,0.07116404175758362,-2.9630846977233887,0.0005046979865771813,82.0,,,,,,,,,,,,0.2798657718120805,,,,,0.024364963173866272,,,,,-0.039379946887493134
,imappo,,,,82.0,0.0,0.0,-1.1813984122127295,0.0,-0.024116606351753944,-0.20487294260237832,-1.1679416317492723,-0.01345679911901243,-1.220300368964672,0.2813482969067991,0.6203346545497577,,,,,,,,,,,
0.09064461290836334,imappo,2.5948562622070312,-2.9057862758636475,0.0004986577181208054,83.0,,,,,,,,,,,,0.2771812080536913,,,,,0.2555680572986603,,,,,-0.324740469455719
,imappo,,,,83.0,1.0,30.0,-9.7422134578228,-4.374999925494194,0.0012002886827531256,-0.1757321074946958,-9.762894704937935,0.020681257788965013,-5.459884230978787,0.2465212064616935,0.5808646351099014,,,,,,,,,,,
0.03917522728443146,imappo,0.13641357421875,0.13924850523471832,0.0004926174496644296,84.0,,,,,,,,,,,,0.274496644295302,,,,,0.26510268449783325,,,,,-0.12447071075439453
,imappo,,,,84.0,0.6333333333333333,19.0,-3.734121598303318,-1.6624999716877937,-0.017049313896222884,-0.2257471155753592,-3.7356177121400833,0.001496108598075807,-2.0417495016008615,0.21142817411418946,0.694643248617649,,,,,,,,,,,
-0.30094271898269653,imappo,0.36402127146720886,1.1102527379989624,0.00048657718120805374,85.0,,,,,,,,,,,,0.27181208053691275,,,,,0.08108523488044739,,,,,-0.15416362881660461
,imappo,,,,85.0,0.3,9.0,-4.6249091029167175,-0.9624999836087227,-0.03233094483539389,-0.26229176175547764,-4.623991385102272,-0.0009175975574180484,-3.614060047082603,0.24719129311016275,0.6508351678649584,,,,,,,,,,,
-0.21596094965934753,imappo,0.01933787576854229,1.130368709564209,0.0004805369127516779,86.0,,,,,,,,,,,,0.2691275167785234,,,,,0.014935269951820374,,,,,-0.10487360507249832
,imappo,,,,86.0,0.3,9.0,-3.1462080851197243,-0.7874999865889549,0.004876172948343083,-0.2347521025367314,-3.159367561340332,0.013159590307623148,-2.4122271798551083,0.2702354926041153,0.6834892610708873,,,,,,,,,,,
0.09891212731599808,imappo,0.03888892009854317,0.12283028662204742,0.00047449664429530204,87.0,,,,,,,,,,,,0.2664429530201342,,,,,0.06679717451334,,,,,-0.1122148334980011
,imappo,,,,87.0,0.1,3.0,-3.36644521728158,-0.26249999552965164,-0.019172162567031137,-0.2288357151192031,-3.361024599522352,-0.005420588538981974,-3.0975398309528828,0.24702312846511632,0.4219913030664126,,,,,,,,,,,
0.1713336855173111,imappo,0.18456920981407166,1.1193708181381226,0.0004684563758389262,88.0,,,,,,,,,,,,0.26375838926174494,,,,,0.005823452025651932,,,,,-0.07893195748329163
,imappo,,,,88.0,0.3333333333333333,10.0,-2.367958825081587,-0.8749999850988388,-0.021559819612321007,-0.25546237245725933,-2.3618302829563618,-0.006128522909421008,-1.4649678254500031,0.2551597337478597,0.7321722527345021,,,,,,,,,,,
0.21859394013881683,imappo,0.2675849497318268,1.0632966756820679,0.00046241610738255033,89.0,,,,,,,,,,,,0.26107382550335567,,,,,0.046022601425647736,,,,,-0.14486685395240784
,imappo,,,,89.0,0.4666666666666667,14.0,-4.346005469560623,-1.6624999716877937,-0.06727415367532785,-0.27209522295743227,-4.35077353566885,0.004768085083924234,-2.6054532807320356,0.2565490469823999,0.6894555826981862,,,,,,,,,,,
,imappo,,,,89.0,,,,,,,,,,,,,0.59,17.7,-5.587768989801407,0.5956270002325376,,,,,,
,imappo,,,,89.0,,,,,,,,,,,,,,,,,,0.6466666666666667,19.4,-6.846936505287886,0.5763099576532841,
0.07062864303588867,imappo,0.11561685055494308,0.1126004308462143,0.0004563758389261745,90.0,,,,,,,,,,,,0.25838926174496646,,,,,0.11451549828052521,,,,,-0.15784120559692383
,imappo,,,,90.0,0.4666666666666667,14.0,-4.735236130654812,-1.487499974668026,-0.006624090715376951,-0.23796834778659104,-4.74742729216814,0.01219117908476619,-3.248749068006873,0.23341416107928126,0.6006771355867386,,,,,,,,,,,
-0.32732802629470825,imappo,0.07476449012756348,1.1519358158111572,0.00045033557046979874,91.0,,,,,,,,,,,,0.25570469798657713,,,,,0.019077209755778313,,,,,-0.09412366896867752
,imappo,,,,91.0,0.3333333333333333,10.0,-2.8237100690603256,-0.9624999836087227,-0.034977362228005404,-0.2591685522784246,-2.828473027795553,0.004762977012433112,-1.8173274043947458,0.24550025866346914,0.7227938883006573,,,,,,,,,,,
-0.3175395727157593,imappo,0.01733030006289482,1.1093515157699585,0.0004442953020134229,92.0,,,,,,,,,,,,0.2530201342281879,,,,,0.005966121330857277,,,,,-0.04838882386684418
,imappo,,,,92.0,0.0,0.0,-1.4516647420823574,0.0,-0.05098471493352008,-0.2682652492512716,-1.4493810050189495,-0.00228372836500057,-1.4221622627228498,0.29203120420015694,0.5413957618176937,,,,,,,,,,,
0.2702477276325226,imappo,1.050161361694336,0.11124018579721451,0.00043825503355704703,93.0,,,,,,,,,,,,0.25033557046979865,,,,,0.24615207314491272,,,,,-0.18287013471126556
,imappo,,,,93.0,0.6,18.0,-5.48610407859087,-2.274999961256981,-0.018713574476407757,-0.24400892938865582,-5.517882890999317,0.03177882469026372,-3.2321137860417366,0.25195338528010325,0.6371623997886976,,,,,,,,,,,
-0.04178629815578461,imappo,0.6419311165809631,0.1022830680012703,0.0004322147651006712,94.0,,,,,,,,,,,,0.24765100671140938,,,,,0.2238246202468872,,,,,-0.17375548183918
,imappo,,,,94.0,0.8,24.0,-5.212664529681206,-2.187499962747097,-0.01939539371653609,-0.2459673195517098,-5.219993405044079,0.007328819250687957,-3.0365711636841297,0.26944045051232024,0.5764302899440129,,,,,,,,,,,
0.36908337473869324,imappo,0.1153985783457756,-2.8580315113067627,0.0004261744966442953,95.0,,,,,,,,,,,,0.2449664429530201,,,,,0.20212091505527496,,,,,-0.10130278766155243
,imappo,,,,95.0,0.3333333333333333,10.0,-3.0390838347375393,-0.8749999850988388,-0.026911258679739092,-0.2122487428423483,-3.0482660606503487,0.009182221090668463,-2.184788220562041,0.2506821610695624,0.6812315188348294,,,,,,,,,,,
-0.23785492777824402,imappo,0.5597652196884155,-2.844743013381958,0.0004201342281879196,96.0,,,,,,,,,,,,0.2422818791946309,,,,,0.15221571922302246,,,,,-0.17165441811084747
,imappo,,,,96.0,0.5333333333333333,16.0,-5.149632230401039,-1.531249973922968,-0.04935723630819666,-0.21053406677674502,-5.150167241692543,0.000534949722350575,-3.65564701333642,0.296621161470739,0.485259368767341,,,,,,,,,,,
-0.02570093609392643,imappo,0.3016824722290039,1.063560128211975,0.00041409395973154373,97.0,,,,,,,,,,,,0.23959731543624163,,,,,0.09043644368648529,,,,,-0.1803395003080368
,imappo,,,,97.0,0.8333333333333334,25.0,-5.410184718668461,-2.887499950826168,-0.012449428938225537,-0.23924832297780085,-5.417347423732281,0.00716267101597623,-2.5492647252976894,0.2711150334071135,0.6664656432966392,,,,,,,,,,,
-0.08275096118450165,imappo,0.11913106590509415,0.060028076171875,0.00040805369127516777,98.0,,,,,,,,,,,,0.2369127516778523,,,,,0.07053689658641815,,,,,-0.062157560139894485
,imappo,,,,98.0,0.0,0.0,-1.8647269234061241,0.0,-0.05431507786192924,-0.25051565445028245,-1.8666302412748337,0.0019032918644370511,-1.7294891607016325,0.16768964994923863,0.7271997372309367,,,,,,,,,,,
0.2515939772129059,imappo,0.16434608399868011,-2.9312636852264404,0.0004020134228187919,99.0,,,,,,,,,,,,0.23422818791946304,,,,,0.3247612714767456,,,,,-0.08292342722415924
,imappo,,,,99.0,0.16666666666666666,5.0,-2.4877027049660683,-0.4374999925494194,-0.00011919029094542566,-0.19991147195833037,-2.4794493690133095,-0.008253367428551428,-2.1018317732959986,0.2599130649559811,0.7026412941515445,,,,,,,,,,,
-0.09926841408014297,imappo,0.3690987229347229,-0.012952225282788277,0.00039597315436241606,100.0,,,,,,,,,,,,0.23154362416107382,,,,,0.055552106350660324,,,,,-0.1418043076992035
,imappo,,,,100.0,0.3333333333333333,10.0,-4.254129007458687,-1.2249999791383743,-0.03580436615158078,-0.2494621384976199,-4.246177688241005,-0.007951398511067964,-3.005424253642559,0.26951313825122725,0.49546381334463757,,,,,,,,,,,
0.10003920644521713,imappo,0.06717420369386673,-0.0016942365327849984,0.0003899328859060403,101.0,,,,,,,,,,,,0.22885906040268456,,,,,0.023679856210947037,,,,,-0.15289443731307983
,imappo,,,,101.0,0.8,24.0,-4.586832761764526,-2.099999964237213,-0.027749733089898143,-0.2367543727523298,-4.587668493390083,0.0008358475897694007,-2.4687887830659747,0.24562434699305413,0.6243352080384891,,,,,,,,,,,
-0.05001600831747055,imappo,0.00561480363830924,0.9666404724121094,0.00038389261744966447,102.0,,,,,,,,,,,,0.2261744966442953,,,,,0.03449759632349014,,,,,-0.08402998745441437
,imappo,,,,102.0,0.2,6.0,-2.5208992958068848,-0.5249999910593033,-0.03676242250151063,-0.25629648290851037,-2.5407597310841084,0.019860433021676727,-2.039300831966102,0.31659996289090486,0.5314740312596162,,,,,,,,,,,
-0.33898743987083435,imappo,0.0337090790271759,0.005865693092346191,0.0003778523489932886,103.0,,,,,,,,,,,,0.22348993288590602,,,,,0.06069876253604889,,,,,-0.1321740448474884
,imappo,,,,103.0,0.5333333333333333,16.0,-3.965221419930458,-1.399999976158142,-0.027636320484077714,-0.23890686751838075,-3.9707164764404297,0.005495035715284757,-2.5325865680351853,0.22841324494947912,0.6008376350005468,,,,,,,,,,,
-0.06165236607193947,imappo,3.461010217666626,0.005071026738733053,0.00037181208053691276,104.0,,,,,,,,,,,,0.22080536912751675,,,,,0.012919703498482704,,,,,-0.3810325860977173
,imappo,,,,104.0,0.9333333333333333,28.0,-11.430976912379265,-4.199999928474426,-0.01801414221979769,-0.23605300138297025,-11.442059010267258,0.011082251206971705,-7.192816158756614,0.20482413753580175,0.5907759159803391,,,,,,,,,,,
-0.1243094876408577,imappo,0.026446646079421043,-2.911182165145874,0.000365771812080537,105.0,,,,,,,,,,,,0.21812080536912754,,,,,0.08729495108127594,,,,,-0.05672663450241089
,imappo,,,,105.0,0.0,0.0,-1.7017990704625845,0.0,-0.01210659784226209,-0.22052958209314966,-1.7036314345896244,0.001832354857469909,-1.7535030161961913,0.28250776167078584,0.6531279621024927,,,,,,,,,,,
-0.031078847125172615,imappo,1.0190993547439575,0.017375316470861435,0.00035973154362416116,106.0,,,,,,,,,,,,0.21543624161073827,,,,,0.00579695962369442,,,,,-0.22220107913017273
,imappo,,,,106.0,0.8,24.0,-6.666032209992409,-2.5812499560415745,-0.03874828903190064,-0.2581494103942532,-6.667395725846291,0.001363583593047224,-4.062553368508816,0.2733053176669955,0.638601158062617,,,,,,,,,,,
0.006997730582952499,imappo,2.1187751293182373,0.034819670021533966,0.0003536912751677853,107.0,,,,,,,,,,,,0.212751677852349,,,,,0.004489314742386341,,,,,-0.264703631401062
,imappo,,,,107.0,0.9666666666666667,29.0,-7.941109120845795,-3.587499938905239,-0.02145595616366336,-0.25311866390984505,-7.94536666572094,0.004257626336766407,-4.377862551249564,0.29457048643052985,0.4762612802286943,,,,,,,,,,,
0.05281946435570717,imappo,0.14068642258644104,-2.8879971504211426,0.00034765100671140946,108.0,,,,,,,,,,,,0.21006711409395973,,,,,0.0290369875729084,,,,,-0.15663430094718933
,imappo,,,,108.0,0.8,24.0,-4.6990291103720665,-2.099999964237213,-0.031116826572628042,-0.2125594610988628,-4.702888086438179,0.0038590086915064603,-2.633291946724057,0.2740800910996768,0.7049599843720595,,,,,,,,,,,
0.0670732706785202,imappo,0.01240923348814249,-2.9529919624328613,0.0003416107382550335,109.0,,,,,,,,,,,,0.20738255033557046,,,,,0.15634319186210632,,,,,-0.07215974479913712
,imappo,,,,109.0,0.0,0.0,-2.1647925972938538,0.0,2.2135339690976252e-05,-0.21814130483471672,-2.171103749424219,0.006311173034191597,-2.226738478988409,0.2737538980964018,0.6209798050423463,,,,,,,,,,,
0.19333088397979736,imappo,0.061458516865968704,1.011806607246399,0.00033557046979865775,110.0,,,,,,,,,,,,0.2046979865771812,,,,,0.2975541949272156,,,,,-0.11316239088773727
,imappo,,,,110.0,0.16666666666666666,5.0,-3.3948715925216675,-0.4374999925494194,-0.06891682223567841,-0.2728906191259739,-3.4025902524590492,0.007718714841757901,-2.9382758578285575,0.3149929977589636,0.5577890336513519,,,,,,,,,,,
0.12256915122270584,imappo,0.270644873380661,-0.15617461502552032,0.0003295302013422819,111.0,,,,,,,,,,,,0.20201342281879192,,,,,0.010174399241805077,,,,,-0.13003255426883698
,imappo,,,,111.0,0.3333333333333333,10.0,-3.9009765461087227,-0.9624999836087227,-0.03954763940282646,-0.2604580727929715,-3.9105736315250397,0.009597110431059264,-2.9209729228168726,0.2729049433871751,0.629451767851909,,,,,,,,,,,
0.10978645831346512,imappo,0.0319969616830349,-2.9763717651367188,0.00032348993288590605,112.0,,,,,,,,,,,,0.19932885906040265,,,,,0.09031736850738525,,,,,-0.12840092182159424
,imappo,,,,112.0,0.6,18.0,-3.852027513086796,-1.5749999731779099,-0.01580452480322947,-0.2081790806769277,-3.866430088877678,0.014402629749383777,-2.333963656798005,0.26651715465050074,0.6239996174971263,,,,,,,,,,,
-0.05336497351527214,imappo,1.261719822883606,0.9402599334716797,0.0003174496644295302,113.0,,,,,,,,,,,,0.19664429530201338,,,,,0.18591272830963135,,,,,-0.2816697359085083
,imappo,,,,113.0,0.9666666666666667,29.0,-8.450092524290085,-3.4562499411404133,-0.04874657074526567,-0.24958437157329172,-8.458802744746208,0.008710035821422935,-5.003545232117176,0.2993234064124408,0.5609760396182537,,,,,,,,,,,
-0.042080119252204895,imappo,1.8682441711425781,-3.019413709640503,0.00031140939597315434,114.0,,,,,,,,,,,,0.19395973154362411,,,,,0.0851806253194809,,,,,-0.2538171708583832
,imappo,,,,114.0,0.7333333333333333,22.0,-7.614515505731106,-2.974999949336052,-0.04191407368148248,-0.2228147433634149,-7.614529386162758,1.3840035535395145e-05,-4.606571123935282,0.23177061092064832,0.7021621038516362,,,,,,,,,,,
-0.11326053738594055,imappo,0.36816471815109253,-0.01656489633023739,0.0003053691275167786,115.0,,,,,,,,,,,,0.1912751677852349,,,,,0.10864277184009552,,,,,-0.2036043107509613
,imappo,,,,115.0,0.6333333333333333,19.0,-6.10812970995903,-2.4062499590218067,0.010836015053911296,-0.2545446664298652,-6.121103473007679,0.012973810633411631,-3.761894158087671,0.2907492609115252,0.5547607362270355,,,,,,,,,,,
-0.10819549858570099,imappo,0.4058675765991211,-3.0175089836120605,0.00029932885906040275,116.0,,,,,,,,,,,,0.18859060402684563,,,,,0.030725600197911263,,,,,-0.16845136880874634
,imappo,,,,116.0,0.7333333333333333,22.0,-5.053541373461485,-2.318749960511923,-0.029347311209221516,-0.20985304789064685,-5.050085596740246,-0.0034557500039227307,-2.7792725171893835,0.2871372899708149,0.6865501331786314,,,,,,,,,,,
0.08028900623321533,imappo,0.14756429195404053,-0.11111610382795334,0.0002932885906040269,117.0,,,,,,,,,,,,0.18590604026845636,,,,,0.1273738145828247,,,,,-0.05488963425159454
,imappo,,,,117.0,0.0,0.0,-1.6466889567673206,0.0,-0.04440733802994146,-0.22613704943069024,-1.634177789092064,-0.012511180248111486,-1.5884053967893124,0.22477201200445052,0.6303600065410138,,,,,,,,,,,
0.07646793127059937,imappo,0.35436949133872986,-3.057255268096924,0.00028724832214765104,118.0,,,,,,,,,,,,0.1832214765100671,,,,,0.0064344704151153564,,,,,-0.14883068203926086
,imappo,,,,118.0,0.4666666666666667,14.0,-4.464920528233051,-1.3124999776482582,-0.02089903686641037,-0.22238660087896278,-4.470679953694344,0.0057594295794842765,-3.2194075072184205,0.30451317703409586,0.6297519984344642,,,,,,,,,,,
-0.31870037317276,imappo,1.2338497638702393,-2.9705655574798584,0.0002812080536912753,119.0,,,,,,,,,,,,0.18053691275167782,,,,,0.0034916112199425697,,,,,-0.2967943847179413
,imappo,,,,119.0,0.7333333333333333,22.0,-8.903830960392952,-3.674999937415123,0.005150781865950194,-0.1943749532201764,-8.904066354036331,0.00023546931333839893,-5.321540612727404,0.2816982987897063,0.544306526084741,,,,,,,,,,,
,imappo,,,,119.0,,,,,,,,,,,,,0.7366666666666666,22.1,-7.19390022046864,0.5939435080935558,,,,,,
,imappo,,,,119.0,,,,,,,,,,,,,,,,,,0.8133333333333332,24.4,-8.059658967331051,0.6038085877895355,
0.0041182152926921844,imappo,0.23880842328071594,-2.930429697036743,0.00027516778523489945,120.0,,,,,,,,,,,,0.1778523489932886,,,,,0.004695096053183079,,,,,-0.14762140810489655
,imappo,,,,120.0,0.43333333333333335,13.0,-4.428642190992832,-1.6624999716877937,-0.012042630491038153,-0.18611366192271817,-4.434442579746246,0.0058003766389447264,-2.8538671918213367,0.28008089924333035,0.6092310888071855,,,,,,,,,,,
0.22824454307556152,imappo,1.9408314228057861,0.01105588674545288,0.0002691275167785235,121.0,,,,,,,,,,,,0.1751677852348993,,,,,0.20535889267921448,,,,,-0.30626365542411804
,imappo,,,,121.0,0.8666666666666667,26.0,-9.187909290194511,-3.2812499441206455,-0.01404840989209788,-0.23895986808201997,-9.159741371870041,-0.028168036486022174,-5.835284209810197,0.20980110184177647,0.6876247430841128,,,,,,,,,,,
-0.04887736961245537,imappo,0.014660890214145184,-0.06317568570375443,0.00026308724832214763,122.0,,,,,,,,,,,,0.17248322147651002,,,,,0.0050629787147045135,,,,,-0.14148499071598053
,imappo,,,,122.0,0.6333333333333333,19.0,-4.244550131261349,-1.6624999716877937,-0.06057311176317626,-0.25852518863393925,-4.243998624384403,-0.0005515864322660491,-2.5639599673449993,0.30155963608012826,0.5085628012816111,,,,,,,,,,,
-0.21121437847614288,imappo,0.15593966841697693,-0.051052603870630264,0.0002570469798657718,123.0,,,,,,,,,,,,0.16979865771812075,,,,,0.009604819118976593,,,,,-0.19086377322673798
,imappo,,,,123.0,0.9,27.0,-5.725913152098656,-2.3624999597668648,-0.001442640631012182,-0.2270286721904995,-5.7215690314769745,-0.004344166140072048,-3.3660033270716667,0.2354055765654266,0.5409092443684737,,,,,,,,,,,
0.5511404871940613,imappo,0.026532655581831932,-3.001551389694214,0.00025100671140939603,124.0,,,,,,,,,,,,0.16711409395973154,,,,,0.03705452382564545,,,,,-0.09928806871175766
,imappo,,,,124.0,0.3333333333333333,10.0,-2.978642027825117,-0.8749999850988388,-0.01969474270606497,-0.22159628646477358,-2.9828207679092884,0.00417871393437963,-2.1335210520774126,0.26699132485521204,0.7117705143988132,,,,,,,,,,,
-0.06363160163164139,imappo,0.12809841334819794,-0.05310157313942909,0.0002449664429530202,125.0,,,,,,,,,,,,0.16442953020134227,,,,,0.00553518021479249,,,,,-0.17368334531784058
,imappo,,,,125.0,0.4666666666666667,14.0,-5.210500754415989,-1.399999976158142,-0.028856260674956502,-0.2268491797731258,-5.210212528705597,-0.00028824010951211676,-3.746578922495246,0.19207190468921453,0.6748551294207573,,,,,,,,,,,
0.24049359560012817,imappo,1.550522804260254,-0.1440781056880951,0.00023892617449664433,126.0,,,,,,,,,,,,0.161744966442953,,,,,0.18563297390937805,,,,,-0.3089978098869324
,imappo,,,,126.0,0.8666666666666667,26.0,-9.26993528008461,-3.4562499411404133,-0.027680390900968632,-0.2592411558580352,-9.270074218511581,0.00013901153579354286,-5.755128902383149,0.22822617013662239,0.7314464576542378,,,,,,,,,,,
-0.12956488132476807,imappo,0.03238847479224205,-3.0263285636901855,0.00023288590604026848,127.0,,,,,,,,,,,,0.15906040268456373,,,,,0.056030310690402985,,,,,-0.09835086762905121
,imappo,,,,127.0,0.13333333333333333,4.0,-2.9505259692668915,-0.3499999940395355,-0.008351328152158999,-0.21261771042190958,-2.9595289565622807,0.00900307175470516,-2.6818571081385016,0.29329715304538695,0.6062024687727292,,,,,,,,,,,
0.10880444943904877,imappo,2.994762897491455,0.8027119636535645,0.00022684563758389262,128.0,,,,,,,,,,,,0.15637583892617446,,,,,0.23941560089588165,,,,,-0.27151402831077576
,imappo,,,,128.0,0.8,24.0,-8.145421177148819,-3.3249999433755875,-0.057478112353123834,-0.2541111209720839,-8.155801743268967,0.010380504187196493,-4.80533838365227,0.28612586580129573,0.5477843550344308,,,,,,,,,,,
-0.11959969252347946,imappo,0.0057660541497170925,-0.2386728823184967,0.00022080536912751688,129.0,,,,,,,,,,,,0.15369127516778525,,,,,0.0016908175311982632,,,,,-0.09630327671766281
,imappo,,,,129.0,0.06666666666666667,2.0,-2.8890984915196896,-0.17499999701976776,-0.04940710378559743,-0.257371802441412,-2.8898374177515507,0.0007388950398308225,-2.6797351678833365,0.271676742391719,0.6414581542213758,,,,,,,,,,,
-0.3781282305717468,imappo,0.008515669032931328,-0.10896193981170654,0.00021476510067114103,130.0,,,,,,,,,,,,0.15100671140939598,,,,,0.3266512155532837,,,,,-0.15497484803199768
,imappo,,,,130.0,0.6666666666666666,20.0,-4.649245284497738,-1.7499999701976776,-0.016210375071608496,-0.24111181889747968,-4.679969057440758,0.03072379928198643,-2.897007554769516,0.22436065874080668,0.5846965658167999,,,,,,,,,,,
-0.1724231243133545,imappo,0.19194011390209198,-0.11730731278657913,0.00020872483221476518,131.0,,,,,,,,,,,,0.1483221476510067,,,,,0.006208729464560747,,,,,-0.16046492755413055
,imappo,,,,131.0,0.6666666666666666,20.0,-4.813947714865208,-1.7499999701976776,-0.05043616992688982,-0.2592627676895063,-4.812953419983387,-0.0009943305049091578,-3.0495731560513377,0.2963187244540677,0.5141320613523325,,,,,,,,,,,
-0.15141844749450684,imappo,1.8920764923095703,-3.0163915157318115,0.00020268456375838921,132.0,,,,,,,,,,,,0.14563758389261738,,,,,0.15581649541854858,,,,,-0.24144652485847473
,imappo,,,,132.0,0.6333333333333333,19.0,-7.243395432829857,-3.3249999433755875,-0.04767458431706473,-0.24064335181901697,-7.248922310769558,0.0055268199648708105,-3.9678298123180866,0.33222531476167205,0.5865701186160247,,,,,,,,,,,
-0.3061474859714508,imappo,0.10308380424976349,-0.14718501269817352,0.00019664429530201347,133.0,,,,,,,,,,,,0.14295302013422817,,,,,0.002864822279661894,,,,,-0.11179151386022568
,imappo,,,,133.0,0.23333333333333334,7.0,-3.3537453040480614,-0.6124999895691872,-0.05582503338951028,-0.25583797835133737,-3.3535477742552757,-0.00019760530267376453,-2.683975431136787,0.2545907484044392,0.5554147991041343,,,,,,,,,,,
0.10665640234947205,imappo,0.8169418573379517,-3.069822311401367,0.00019060402684563762,134.0,,,,,,,,,,,,0.1402684563758389,,,,,0.04157767444849014,,,,,-0.17777128517627716
,imappo,,,,134.0,0.6,18.0,-5.333138681948185,-2.0124999657273293,-0.0363308909842317,-0.23029393778415397,-5.33712961524725,0.003990923214587383,-3.347667884081602,0.28966302819299017,0.6415152681370576,,,,,,,,,,,
0.14277508854866028,imappo,0.7402302026748657,0.7614142298698425,0.00018456375838926176,135.0,,,,,,,,,,,,0.13758389261744963,,,,,0.21161207556724548,,,,,-0.23245219886302948
,imappo,,,,135.0,0.8,24.0,-6.973566181957722,-2.799999952316284,-0.0452357609844114,-0.2795317033887841,-6.983861975371838,0.01029580703470856,-4.2051099576056,0.3460153650148641,0.666409819573164,,,,,,,,,,,
0.01864619366824627,imappo,1.5145257711410522,-0.2794598340988159,0.0001785234899328859,136.0,,,,,,,,,,,,0.13489932885906036,,,,,0.006203087978065014,,,,,-0.2877296209335327
,imappo,,,,136.0,0.7666666666666667,23.0,-8.63188810646534,-3.543749939650297,-0.04563758263611817,-0.25824180619383696,-8.632875114679337,0.000987121125945123,-5.092612653970718,0.3073668068736879,0.5690732218325139,,,,,,,,,,,
0.036172181367874146,imappo,0.04898675158619881,-3.0707480907440186,0.00017248322147651006,137.0,,,,,,,,,,,,0.1322147651006711,,,,,0.30500566959381104,,,,,-0.16958484053611755
,imappo,,,,137.0,0.8333333333333334,25.0,-5.087545745074749,-2.187499962747097,-0.03884853396965582,-0.21445535068778554,-5.076789729297161,-0.01075601577758789,-2.8957795314490795,0.25979360800738505,0.6778788248697917,,,,,,,,,,,
-0.07457418739795685,imappo,0.1829717606306076,-3.1003262996673584,0.00016644295302013432,138.0,,,,,,,,,,,,0.12953020134228188,,,,,0.020731136202812195,,,,,-0.14572788774967194
,imappo,,,,138.0,0.6333333333333333,19.0,-4.371836856007576,-1.7937499694526196,-0.03715256251553001,-0.2520792839677597,-4.37156543135643,-0.00027144161867909133,-2.5607299814000726,0.27214641483431024,0.7560742790500323,,,,,,,,,,,
-0.07691197097301483,imappo,0.06757855415344238,-0.18056300282478333,0.00016040268456375846,139.0,,,,,,,,,,,,0.1268456375838926,,,,,0.20274567604064941,,,,,-0.1969575434923172
,imappo,,,,139.0,0.6,18.0,-5.908725917339325,-1.7499999701976776,-0.030006031068865013,-0.24226353605263284,-5.904066391289234,-0.004659445956349373,-4.147731060162187,0.2659341495304943,0.42675140624245006,,,,,,,,,,,
-0.0022847491782158613,imappo,0.05546485260128975,-3.1349921226501465,0.0001543624161073826,140.0,,,,,,,,,,,,0.12416107382550334,,,,,0.008367907255887985,,,,,-0.1106753870844841
,imappo,,,,140.0,0.5,15.0,-3.3202617689967155,-1.3124999776482582,-0.08688516908716792,-0.25304723422959796,-3.3236646205186844,0.003402841539354995,-2.011475040577352,0.34024278611468617,0.5985557265579701,,,,,,,,,,,
-0.18110240995883942,imappo,0.2198590338230133,-0.2942599952220917,0.00014832214765100676,141.0,,,,,,,,,,,,0.12147651006711407,,,,,0.1541309356689453,,,,,-0.06686981767416
,imappo,,,,141.0,0.0,0.0,-2.0060944724828005,0.0,-0.08420627953773874,-0.26162416383158416,-2.01410642080009,0.008011950150830671,-1.8927176408469677,0.22444164424996416,0.7163081996142864,,,,,,,,,,,
0.07323341816663742,imappo,0.13652095198631287,-3.121917724609375,0.0001422818791946309,142.0,,,,,,,,,,,,0.1187919463087248,,,,,0.00904298759996891,,,,,-0.1658497452735901
,imappo,,,,142.0,0.6666666666666666,20.0,-4.975492760539055,-1.7499999701976776,-0.04898757253226904,-0.2306112430342182,-4.979993179440498,0.004500557344726985,-3.2438589725643396,0.293464497266541,0.57180207396547,,,,,,,,,,,
0.0686974972486496,imappo,1.801580786705017,-3.0838379859924316,0.00013624161073825516,143.0,,,,,,,,,,,,0.11610738255033559,,,,,0.03327295929193497,,,,,-0.2334143966436386
,imappo,,,,143.0,0.8,24.0,-7.002431496977806,-3.1062499471008778,-0.06218162361835766,-0.24447409423009958,-7.000077053904533,-0.0023545651165477466,-3.868190048262477,0.28101875113497954,0.6798831438024838,,,,,,,,,,,
0.022512564435601234,imappo,0.4763087332248688,-3.127474069595337,0.0001302013422818792,144.0,,,,,,,,,,,,0.11342281879194627,,,,,0.01405121199786663,,,,,-0.05747893825173378
,imappo,,,,144.0,0.0,0.0,-1.7243679985404015,0.0,-0.04338758494822059,-0.24292908838106086,-1.7241044007241726,-0.0002636101344251074,-1.7403425173833966,0.3025548063342285,0.7070237239201863,,,,,,,,,,,
-0.049002714455127716,imappo,0.3718563914299011,-3.0205318927764893,0.00012416107382550335,145.0,,,,,,,,,,,,0.110738255033557,,,,,0.015637144446372986,,,,,-0.1774003654718399
,imappo,,,,145.0,0.5333333333333333,16.0,-5.3220114186406136,-1.399999976158142,-0.030685542588798853,-0.183926844940288,-5.327711798250675,0.005700368783436716,-3.9616193687543273,0.2485199695584015,0.5986355051398278,,,,,,,,,,,
0.19379349052906036,imappo,0.47859063744544983,-0.30808529257774353,0.0001181208053691275,146.0,,,,,,,,,,,,0.10805369127516773,,,,,0.002800185466185212,,,,,-0.04282026365399361
,imappo,,,,146.0,0.03333333333333333,1.0,-1.2846079170703888,-0.08749999850988388,-0.014546147799023856,-0.23254158975032624,-1.2846933547407389,8.546555909560993e-05,-1.1691681584343314,0.21906252785527158,0.5915442066888015,,,,,,,,,,,
0.16713620722293854,imappo,0.13831086456775665,0.7583367228507996,0.00011208053691275175,147.0,,,,,,,,,,,,0.10536912751677852,,,,,0.42098134756088257,,,,,-0.05044533684849739
,imappo,,,,147.0,0.0,0.0,-1.5133601985871792,0.0,-0.031470720817310394,-0.26406780571414856,-1.533828727900982,0.02046851183695253,-1.5078666992485523,0.2695765094681519,0.6852638880411784,,,,,,,,,,,
-0.0995035395026207,imappo,0.0027856030501425266,0.824944794178009,0.0001060402684563759,148.0,,,,,,,,,,,,0.10268456375838925,,,,,0.28594452142715454,,,,,-0.1261492818593979
,imappo,,,,148.0,0.0,0.0,-3.784478485584259,0.0,-0.03457902934064805,-0.2674520006403327,-3.779633678495884,-0.004844688577577472,-3.8079468831419945,0.33034419274918037,0.4292778146763643,,,,,,,,,,,
-0.08194641768932343,imappo,0.7411037087440491,-3.0534439086914062,0.00010000000000000005,149.0,,,,,,,,,,,,0.09999999999999998,,,,,0.005301601253449917,,,,,-0.2631724774837494
,imappo,,,,149.0,1.0,30.0,-7.895173817873001,-3.674999937415123,-0.03291477929019493,-0.21807524438554537,-7.895666033029556,0.0004920249339193106,-4.246960846707225,0.2772847857193028,0.6123905827601751,,,,,,,,,,,
,imappo,,,,149.0,,,,,,,,,,,,,0.59,17.7,-4.210638931114227,0.6017598049342632,,,,,,
,imappo,,,,149.0,,,,,,,,,,,,,,,,,,0.8699999999999999,26.1,-7.291729226522148,0.5828655837724606,
